{
  "IcoMoonType": "selection",
  "icons": [
    {
      "icon": {
        "paths": [
          "M640 320l-128-128-192 192-192-192-128 128 192 192-192 192 128 128 192-192 192 192 128-128-192-192 192-192z"
        ],
        "attrs": [
          {}
        ],
        "width": 640,
        "isMulticolor": false,
        "isMulticolor2": false,
        "tags": [
          "x"
        ],
        "grid": 16
      },
      "attrs": [
        {}
      ],
      "properties": {
        "order": 1,
        "id": 0,
        "prevSize": 32,
        "code": 59648,
        "name": "x"
      },
      "setIdx": 0,
      "setId": 5,
      "iconIdx": 0
    },
    {
      "icon": {
        "paths": [
          "M960 780.736l-268.992-268.736 268.992-268.736-179.264-179.264-268.736 268.864-268.864-268.864-179.136 179.264 268.736 268.736-268.736 268.736 179.136 179.264 268.864-268.864 268.736 268.864z"
        ],
        "attrs": [
          {}
        ],
        "isMulticolor": false,
        "isMulticolor2": false,
        "tags": [
          "x",
          "cancel",
          "close"
        ],
        "grid": 16
      },
      "attrs": [
        {}
      ],
      "properties": {
        "order": 1,
        "id": 1,
        "prevSize": 32,
        "code": 59649,
        "name": "x2"
      },
      "setIdx": 1,
      "setId": 4,
      "iconIdx": 0
    },
    {
      "icon": {
        "paths": [
          "M384 512c-212 0-384 172-384 384 0 70.752 57.248 128 128 128h512c70.752 0 128-57.248 128-128 0-212-172-384-384-384zM192 192c0-106.039 85.961-192 192-192s192 85.961 192 192c0 106.039-85.961 192-192 192s-192-85.961-192-192z"
        ],
        "attrs": [
          {}
        ],
        "width": 768,
        "isMulticolor": false,
        "isMulticolor2": false,
        "tags": [
          "user",
          "profile",
          "account",
          "avatar"
        ],
        "grid": 16
      },
      "attrs": [
        {}
      ],
      "properties": {
        "order": 1,
        "id": 0,
        "name": "user, profile, account, avatar",
        "prevSize": 32,
        "code": 59650
      },
      "setIdx": 1,
      "setId": 4,
      "iconIdx": 1
    },
    {
      "icon": {
        "paths": [
          "M544 0l-96 96 96 96-224 256h-224l176 176-272 360.616v39.384h39.384l360.616-272 176 176v-224l256-224 96 96 96-96-480-480zM448 544l-64-64 224-224 64 64-224 224z"
        ],
        "tags": [
          "pushpin",
          "pin"
        ],
        "defaultCode": 59718,
        "grid": 16,
        "attrs": []
      },
      "attrs": [],
      "properties": {
        "ligatures": "pushpin, pin",
        "name": "pushpin",
        "order": 5,
        "id": 71,
        "prevSize": 32,
        "code": 59718
      },
      "setIdx": 4,
      "setId": 1,
      "iconIdx": 70
    },
    {
      "icon": {
        "paths": [
          "M992.262 871.396l-242.552-206.294c-25.074-22.566-51.89-32.926-73.552-31.926 57.256-67.068 91.842-154.078 91.842-249.176 0-212.078-171.922-384-384-384-212.076 0-384 171.922-384 384s171.922 384 384 384c95.098 0 182.108-34.586 249.176-91.844-1 21.662 9.36 48.478 31.926 73.552l206.294 242.552c35.322 39.246 93.022 42.554 128.22 7.356s31.892-92.898-7.354-128.22zM384 640c-141.384 0-256-114.616-256-256s114.616-256 256-256 256 114.616 256 256-114.614 256-256 256z"
        ],
        "tags": [
          "search",
          "magnifier",
          "magnifying-glass",
          "inspect",
          "find"
        ],
        "defaultCode": 59782,
        "grid": 16,
        "attrs": []
      },
      "attrs": [],
      "properties": {
        "ligatures": "search, magnifier",
        "name": "search",
        "order": 8,
        "id": 135,
        "prevSize": 32,
        "code": 59782
      },
      "setIdx": 4,
      "setId": 1,
      "iconIdx": 134
    },
    {
      "icon": {
        "paths": [
          "M480 704h-480v256h960v-256h-480zM896 832h-128v-64h128v64zM224 320l256-256 256 256h-160v320h-192v-320z"
        ],
        "tags": [
          "upload",
          "load",
          "open"
        ],
        "defaultCode": 59848,
        "grid": 16,
        "attrs": []
      },
      "attrs": [],
      "properties": {
        "ligatures": "upload3, load3",
        "name": "upload3",
        "order": 6,
        "id": 201,
        "prevSize": 32,
        "code": 59848
      },
      "setIdx": 4,
      "setId": 1,
      "iconIdx": 200
    },
    {
      "icon": {
        "paths": [
          "M864 128l-480 480-224-224-160 160 384 384 640-640z"
        ],
        "tags": [
          "checkmark",
          "tick",
          "correct",
          "accept",
          "ok"
        ],
        "defaultCode": 59920,
        "grid": 16,
        "attrs": []
      },
      "attrs": [],
      "properties": {
        "ligatures": "checkmark, tick",
        "name": "checkmark",
        "order": 2,
        "id": 273,
        "prevSize": 32,
        "code": 59920
      },
      "setIdx": 4,
      "setId": 1,
      "iconIdx": 272
    },
    {
      "icon": {
        "paths": [
          "M512 68.4c-245 0-443.6 198.6-443.6 443.6 0 188 117 348.4 282 413-3.8-35-7.4-89 1.6-127.2 8-34.6 52-220.4 52-220.4s-13.2-26.6-13.2-65.8c0-61.6 35.8-107.8 80.2-107.8 37.8 0 56.2 28.4 56.2 62.4 0 38-24.2 95-36.8 147.6-10.6 44.2 22 80.2 65.6 80.2 78.8 0 139.4-83.2 139.4-203.2 0-106.2-76.4-180.4-185.2-180.4-126.2 0-200.2 94.6-200.2 192.6 0 38.2 14.6 79 33 101.2 3.6 4.4 4.2 8.2 3 12.8-3.4 14-10.8 44.2-12.4 50.4-2 8.2-6.4 9.8-14.8 6-55.4-25.8-90-106.8-90-171.8 0-140 101.6-268.4 293-268.4 153.8 0 273.4 109.6 273.4 256.2 0 152.8-96.4 276-230.2 276-45 0-87.2-23.4-101.6-51 0 0-22.2 84.6-27.6 105.4-10 38.6-37 86.8-55.2 116.2 41.6 12.8 85.6 19.8 131.4 19.8 245 0 443.6-198.6 443.6-443.6 0-245.2-198.6-443.8-443.6-443.8z"
        ],
        "tags": [
          "pinterest",
          "brand",
          "social"
        ],
        "defaultCode": 60113,
        "grid": 16,
        "attrs": []
      },
      "attrs": [],
      "properties": {
        "name": "pinterest",
        "ligatures": "pinterest, brand72",
        "order": 3,
        "id": 466,
        "prevSize": 32,
        "code": 60113
      },
      "setIdx": 4,
      "setId": 1,
      "iconIdx": 465
    },
    {
      "icon": {
        "paths": [
          "M512 0c-282.4 0-512 229.6-512 512s229.6 512 512 512 512-229.6 512-512-229.6-512-512-512zM512 955.6c-45.8 0-89.8-7-131.4-19.8 18-29.4 45.2-77.8 55.2-116.2 5.4-20.8 27.6-105.4 27.6-105.4 14.4 27.6 56.8 51 101.6 51 133.8 0 230.2-123 230.2-276 0-146.6-119.6-256.2-273.4-256.2-191.4 0-293 128.6-293 268.4 0 65 34.6 146 90 171.8 8.4 4 12.8 2.2 14.8-6 1.4-6.2 9-36.2 12.4-50.4 1-4.4 0.6-8.4-3-12.8-18.4-22.2-33-63.2-33-101.2 0-97.8 74-192.6 200.2-192.6 109 0 185.2 74.2 185.2 180.4 0 120-60.6 203.2-139.4 203.2-43.6 0-76.2-36-65.6-80.2 12.6-52.8 36.8-109.6 36.8-147.6 0-34-18.2-62.4-56.2-62.4-44.6 0-80.2 46-80.2 107.8 0 39.2 13.2 65.8 13.2 65.8s-44 185.8-52 220.4c-9 38.4-5.4 92.2-1.6 127.2-165-64.4-282-224.8-282-412.8 0-245 198.6-443.6 443.6-443.6s443.6 198.6 443.6 443.6c0 245-198.6 443.6-443.6 443.6z"
        ],
        "tags": [
          "pinterest",
          "brand",
          "social"
        ],
        "defaultCode": 60114,
        "grid": 16,
        "attrs": []
      },
      "attrs": [],
      "properties": {
        "ligatures": "pinterest2, brand73",
        "name": "pinterest2",
        "order": 4,
        "id": 467,
        "prevSize": 32,
        "code": 60114
      },
      "setIdx": 4,
      "setId": 1,
      "iconIdx": 466
    },
    {
      "icon": {
        "paths": [
          "M731.429 799.429c0 83.429-54.857 151.429-121.714 151.429h-488c-66.857 0-121.714-68-121.714-151.429 0-150.286 37.143-324 186.857-324 46.286 45.143 109.143 73.143 178.857 73.143s132.571-28 178.857-73.143c149.714 0 186.857 173.714 186.857 324zM585.143 292.571c0 121.143-98.286 219.429-219.429 219.429s-219.429-98.286-219.429-219.429 98.286-219.429 219.429-219.429 219.429 98.286 219.429 219.429z"
        ],
        "attrs": [
          {}
        ],
        "width": 731,
        "isMulticolor": false,
        "isMulticolor2": false,
        "tags": [
          "user"
        ],
        "grid": 14
      },
      "attrs": [
        {}
      ],
      "properties": {
        "order": 1,
        "id": 1,
        "name": "user2",
        "prevSize": 28,
        "code": 59651
      },
      "setIdx": 2,
      "setId": 3,
      "iconIdx": 0
    },
    {
      "icon": {
        "paths": [
          "M365.714 512c0-40.571-32.571-73.143-73.143-73.143s-73.143 32.571-73.143 73.143 32.571 73.143 73.143 73.143 73.143-32.571 73.143-73.143zM585.143 512c0-40.571-32.571-73.143-73.143-73.143s-73.143 32.571-73.143 73.143 32.571 73.143 73.143 73.143 73.143-32.571 73.143-73.143zM804.571 512c0-40.571-32.571-73.143-73.143-73.143s-73.143 32.571-73.143 73.143 32.571 73.143 73.143 73.143 73.143-32.571 73.143-73.143zM1024 512c0 202.286-229.143 365.714-512 365.714-41.714 0-82.286-3.429-120.571-10.286-65.143 65.143-150.286 109.714-248.571 130.857-15.429 2.857-32 5.714-49.143 7.429-9.143 1.143-17.714-5.143-20-13.714v0c-2.286-9.143 4.571-14.857 11.429-21.143 36-33.714 78.857-60.571 93.714-181.143-109.143-66.857-178.857-166.286-178.857-277.714 0-202.286 229.143-365.714 512-365.714s512 163.429 512 365.714z"
        ],
        "attrs": [
          {}
        ],
        "isMulticolor": false,
        "isMulticolor2": false,
        "tags": [
          "commenting"
        ],
        "grid": 14
      },
      "attrs": [
        {}
      ],
      "properties": {
        "order": 1,
        "id": 0,
        "name": "commenting",
        "prevSize": 28,
        "code": 59652
      },
      "setIdx": 2,
      "setId": 3,
      "iconIdx": 1
    },
    {
      "icon": {
        "paths": [
          "M256 256v128h512v-128h-512zM256 576h512v-128h-512v128zM256 768h512v-128h-512v128z"
        ],
        "attrs": [
          {}
        ],
        "isMulticolor": false,
        "isMulticolor2": false,
        "tags": [
          "list",
          "menu",
          "dropdown",
          "options"
        ],
        "grid": 32
      },
      "attrs": [
        {}
      ],
      "properties": {
        "order": 1,
        "id": 0,
        "name": "list, menu, dropdown, options",
        "prevSize": 32,
        "code": 59653
      },
      "setIdx": 3,
      "setId": 2,
      "iconIdx": 0
    }
  ],
  "height": 1024,
  "metadata": {
    "name": "icomoon"
  },
  "preferences": {
    "showGlyphs": true,
    "showQuickUse": true,
    "showQuickUse2": true,
    "showSVGs": true,
    "fontPref": {
      "prefix": "icon-",
      "metadata": {
        "fontFamily": "icomoon"
      },
      "metrics": {
        "emSize": 1024,
        "baseline": 6.25,
        "whitespace": 50
      },
      "embed": false
    },
    "imagePref": {
      "prefix": "icon-",
      "png": true,
      "useClassSelector": true,
      "color": 0,
      "bgColor": 16777215,
      "classSelector": ".icon"
    },
    "historySize": 50,
    "showCodes": true,
    "gridSize": 16
  }
}